title,subtitle,imgurl,imgname,attr,price
奇焕精油洗护,欧莱雅奇焕精油洗发露（奇焕奢卷）,https://www.lorealparis.com.cn/Images/products/Images/G3588100_288_g.jpg,4241ae08-1040-11e9-9cb2-f430b9124a41,净化头皮发丝，去除多余油脂浊质。卷发秀发持久清爽，丝丝轻盈。,￥109.00
奇焕润发精油蔷薇臻耀,欧莱雅奇焕润发精油蔷薇臻耀  洗发露,https://www.lorealparis.com.cn/Images/products/Images/G2989009_288_g.jpg,4247cb14-1040-11e9-b01c-f430b9124a41,萃取自法国蔷薇精萃油，即刻滋养，顺滑莹亮，蔷薇馨香萦绕发丝,￥78.00
奇焕润发精油蔷薇臻耀,欧莱雅奇焕润发精油蔷薇臻耀  润发乳,https://www.lorealparis.com.cn/Images/products/Images/G2988709_288_g.jpg,4247cb15-1040-11e9-b17a-f430b9124a41,萃取自法国蔷薇精萃油，即刻滋养，顺滑莹亮，蔷薇馨香萦绕发丝,￥78.00
精油润养8丰盈,欧莱雅精油润养白椰丰盈润发乳,https://www.lorealparis.com.cn/Images/products/Images/G3081500_288_g.jpg,4248671c-1040-11e9-9dbe-f430b9124a41,8种植物微萃油 润养发根至发梢 扁塌秀发也能拥有,￥21.00
精油润养8丰盈,欧莱雅精油润养白椰丰盈洗发露,https://www.lorealparis.com.cn/Images/products/Images/G3081700_288_g.jpg,42490394-1040-11e9-a06c-f430b9124a41,全新升级，柔顺亮泽长达48小时，含冷萃白椰油，润养发根至发梢，扁塌秀发也能拥有,￥21.00
精油润养8,欧莱雅精油润养护发膜,https://www.lorealparis.com.cn/Images/products/Images/G3082800_288_g.jpg,424a3d36-1040-11e9-9e12-f430b9124a41,全新升级，持久柔顺亮泽，8种植物精粹油，润养发根至发梢。,￥59.00
精油润养8,欧莱雅精油润养润发乳,https://www.lorealparis.com.cn/Images/products/Images/G3081900_288_g.jpg,424a3d37-1040-11e9-b28b-f430b9124a41,全新升级，柔顺亮泽长达48小时，8种植物精粹油，润养发根至发梢。,￥21.00
精油润养8,欧莱雅精油润养去屑洗发露,https://www.lorealparis.com.cn/Images/products/Images/G3082600_288_g.jpg,424ad8fa-1040-11e9-b232-f430b9124a41,全新升级，柔顺亮泽长达48小时，8种植物精粹油，润养发根至发梢。,￥21.00
精油润养8,欧莱雅精油润养洗发露,https://www.lorealparis.com.cn/Images/products/Images/G3082300_288_g.jpg,424ad8fb-1040-11e9-a073-f430b9124a41,全新升级，柔顺亮泽长达48小时，8种植物精粹油，润养发根至发梢。,￥21.00
透明质酸水润,欧莱雅透明质酸水润去屑洗发露（倍润）,https://www.lorealparis.com.cn/Images/products/Images/G1153506_288_g.jpg,424cae40-1040-11e9-9178-f430b9124a41,全新升级，一瓶双效，72小时劲爽发根，卓效去屑，水润发梢，无硅配方,￥21.00
透明质酸水润,欧莱雅透明质酸水润去屑洗发露（倍爽),https://www.lorealparis.com.cn/Images/products/Images/G2727800_288_g.jpg,424cae41-1040-11e9-ac13-f430b9124a41,全新升级，72小时劲爽发根，1瓶双效，全新无硅油配方，卓效去屑，水润发梢,￥67.00
透明质酸水润,欧莱雅透明质酸水润去屑洗发露（倍爽）,https://www.lorealparis.com.cn/Images/products/Images/G2101300_288_g.jpg,424e0e78-1040-11e9-a955-f430b9124a41,全新升级，72小时劲爽发根，1瓶双效，全新无硅油配方，卓效去屑，水润发梢,￥21.00
金致臻颜肌活,金致臻颜奢养肌活日霜,https://mrmoap.blob.core.chinacloudapi.cn/lorealparisadmin/20160503/a581b2a9-806a-4645-87b3-82a62b13c96e.jpg,42566864-1040-11e9-8bf4-f430b9124a41,"凝聚前沿科技与天然珍稀水仙凝萃的完美结合, 轻抹激发肌肤源生力, 日日焕活新肌",￥380.00
金致臻颜肌活,金致臻颜奢养肌活源液,https://mrmoap.blob.core.chinacloudapi.cn/lorealparisadmin/20160503/1714522d-be9d-4949-9449-47dc25391c88.jpg,42566865-1040-11e9-9923-f430b9124a41,"凝聚前沿科技与天然珍稀水仙凝萃的完美结合, 轻拍焕活肌底能量, 日日焕活新肌",￥280.00
科研致白三重源白,科研致白三重源白精华液,https://mrmoap.blob.core.chinacloudapi.cn/lorealparisadmin/20160429/450ce38c-998e-4488-8f6d-97f886166ddd.jpg,425704e2-1040-11e9-89ca-f430b9124a41,三重源白，净透光采,￥260.00
净颜系列,欧莱雅海盐泡沫洁面乳(香柠檬清润型）,https://www.lorealparis.com.cn/Images/products/Images/G2907400_288_g.jpg,4257a14a-1040-11e9-9042-f430b9124a41,深透洁净 平衡调理,￥39.00
净颜系列,欧莱雅三合一卸妆洁颜水（倍润型）,https://www.lorealparis.com.cn/Images/products/Images/G2897401_288_g.gif,4257a14b-1040-11e9-ab0a-f430b9124a41,1抹 洁面 卸妆 舒润,￥109.00
专业UV防护,欧莱雅多重防护城市水活隔离喷雾,https://www.lorealparis.com.cn/Images/products/Images/G1748000_288_g.jpg,42583dc8-1040-11e9-b83d-f430b9124a41,欧莱雅第一款妆后可用的防晒喷雾，卓效防护UVB及长短波UVA质地清爽不黏腻。,￥170.00
复颜抗皱紧致,欧莱雅复颜积雪草微精华露 2019新春限量版,https://www.lorealparis.com.cn/Images/products/Images/G3344100_288_g.jpg,4259769e-1040-11e9-83f5-f430b9124a41,创新积雪草微精华露，修护8大部位 肌肤紧致透亮,￥210.00
玻尿酸水光导入,复颜玻尿酸水光充盈导入霜,https://www.lorealparis.com.cn/Images/products/Images/G3204800_288_g.jpg,4259769f-1040-11e9-8f1b-f430b9124a41,巴黎欧莱雅第一支复颜玻尿酸水光充盈导入霜，蕴含高浓度玻尿酸，导入水光充盈活力，独特空气感慕斯乳霜质地，绽现膨润无痕水光肌。,￥260.00
净颜系列,欧莱雅海盐泡沫洁面乳(迷迭香净透型）,https://www.lorealparis.com.cn/Images/products/Images/G2907600_288_g.jpg,425b4c10-1040-11e9-ba9e-f430b9124a41,深透洁净 净油清爽,￥39.00
净颜系列,欧莱雅三合一卸妆洁颜水（清爽型）,https://www.lorealparis.com.cn/Images/products/Images/G2897501_288_g.gif,425b4c11-1040-11e9-b456-f430b9124a41,1抹 洁面 卸妆 舒润,￥109.00
青春密码,欧莱雅青春密码酵素精华肌底液,https://www.lorealparis.com.cn/Images/products/Images/G2940800_288_g.gif,425be880-1040-11e9-9962-f430b9124a41,富含98%高纯度发酵精华，唤活肌底年轻，肌肤润泽柔滑,￥280.00
玻尿酸水光充盈导入系列,欧莱雅复颜玻尿酸水光充盈导入淡纹膨润面膜,https://www.lorealparis.com.cn/Images/products/Images/G3576701_288_g.jpg,425c84f0-1040-11e9-a4da-f430b9124a41,干皮救星欧莱雅膨润面膜，密集补水，弹起膨膨水光肌,￥88.00
奇焕精油,欧莱雅奇焕润发精油,https://www.lorealparis.com.cn/Images/products/Images/G1268801_288_g.jpg,425f0b30-1040-11e9-8ce0-f430b9124a41,一抹顺滑不油腻 。一次使用72H持久抗毛糙①。 秀发柔顺有光泽，拥有丝柔触感。轻便小巧，随身携带,￥79.00
奇焕精油,欧莱雅奇焕润发精油（针对极度干枯发质,https://www.lorealparis.com.cn/Images/products/Images/G1695000_288_g.jpg,425f8ba4-1040-11e9-b8e0-f430b9124a41,倍润滋养发丝，令秀发重现丝绒般柔润触感。1次使用，分叉减少43%③。干枯发质重现丝绒般柔润触感。,￥79.00
奇焕润发精油系列,奇焕润发精油高级香水香型 （清雅茉莉）,https://www.lorealparis.com.cn/Images/products/Images/G3449400_288_g.jpg,4260283a-1040-11e9-b51d-f430b9124a41,天然花束绽放其中，72 小时秀发持久留香*,￥139.00
奇焕润发精油系列,奇焕润发精油高级香水香型 （法国玫瑰）,https://www.lorealparis.com.cn/Images/products/Images/G3449600_288_g.jpg,4260c4b4-1040-11e9-abf8-f430b9124a41,天然花束绽放其中，72 小时秀发持久留香*,￥139.00
奇焕润发精油系列,奇焕润发精油 高级香水香型（馥郁薰衣草）,https://www.lorealparis.com.cn/Images/products/Images/G3449500_288_g.jpg,42633692-1040-11e9-8b4e-f430b9124a41,天然花束绽放其中，72 小时秀发持久留香*,￥139.00
奇焕精油,奇焕润发精油(迷你装),https://www.lorealparis.com.cn/Images/products/Images/G1766600_288_g.jpg,42633693-1040-11e9-92d9-f430b9124a41,一抹顺滑不油腻 。一次使用72H持久抗毛糙①。 秀发柔顺有光泽，拥有丝柔触感。轻便小巧，随身携带,￥39.00
奇焕润发精油蔷薇臻耀,欧莱雅奇焕润发精油(蔷薇臻耀),https://www.lorealparis.com.cn/Images/products/Images/G2988909_288_g.jpg,4263d2fa-1040-11e9-8fb9-f430b9124a41,欧莱雅第一款蕴含法国蔷薇精萃油①深透滋养，令秀发致臻闪耀，发丝萦绕蔷薇馨香。①指蕴含狗牙蔷薇花提取物的精萃油原料,￥108.00
奇焕精油洗护,欧莱雅奇焕精油润发乳（奇焕炫亮）,https://www.lorealparis.com.cn/Images/products/Images/G3561300_288_g.jpg,42650c08-1040-11e9-beb0-f430b9124a41,蕴含法国蔷薇精萃油。一次使用，亮泽度提升154%①，染发炫亮更持久。,￥109.00
奇焕精油洗护,欧莱雅奇焕精油洗发露（奇焕炫亮）,https://www.lorealparis.com.cn/Images/products/Images/G3588000_288_g.jpg,4266e15c-1040-11e9-bafd-f430b9124a41,净化头皮发丝，去除多余油脂浊质。染后秀发持久清爽，丝丝轻盈。,￥109.00
奇焕精油洗护,欧莱雅奇焕精油润发乳（奇焕垂顺）,https://www.lorealparis.com.cn/Images/products/Images/G3561400_288_g.jpg,4266e15d-1040-11e9-acce-f430b9124a41,蕴含琥珀雪松精萃油①。一次使用，顺滑度提升98%①，直发垂顺更持久。①指雪松精萃油的颜色如琥珀一般,￥109.00
奇焕精油洗护,欧莱雅奇焕精油洗发露（奇焕垂顺）,https://www.lorealparis.com.cn/Images/products/Images/G3588200_288_g.jpg,42681a2e-1040-11e9-a3cf-f430b9124a41,净化头皮发丝，去除多余油脂浊质。垂顺秀发持久清爽，丝丝轻盈。,￥109.00
奇焕精油洗护,欧莱雅奇焕精油润发乳（奇焕奢卷）,https://www.lorealparis.com.cn/Images/products/Images/G3561200_288_g.jpg,42681a2f-1040-11e9-859c-f430b9124a41,蕴含焕活松露精萃油①。一次使用，卷发持久度提升74%①，卷发弹润更持久。①*指夏块菌提取物,￥109.00
金致臻颜牡丹奢养粉妍系列,欧莱雅金致臻颜牡丹奢养粉妍精华水,https://www.lorealparis.com.cn/Images/products/Images/G3378800_288_g.jpg,4273c6c0-1040-11e9-b74c-f430b9124a41,深透水润理肌，焕活肌肤健康光彩,￥330.00
金致臻颜牡丹奢养粉妍系列,欧莱雅金致臻颜牡丹奢养粉妍精华液,https://www.lorealparis.com.cn/Images/products/Images/G3378500_288_g.jpg,4274ffa4-1040-11e9-8471-f430b9124a41,焕亮奢润肌肤，绽放瑰丽粉妍,￥580.00
金致臻颜牡丹奢养粉妍系列,欧莱雅金致臻颜牡丹奢养粉妍日霜,https://www.lorealparis.com.cn/Images/products/Images/G3378400_288_g.jpg,42759c24-1040-11e9-bfee-f430b9124a41,肌肤滋养弹润，透显年轻粉妍,￥450.00
金致臻颜牡丹奢养粉妍系列,欧莱雅金致臻颜牡丹奢养粉妍眼霜,https://www.lorealparis.com.cn/Images/products/Images/G3378700_288_g.jpg,42759c25-1040-11e9-9492-f430b9124a41,焕亮双眼，重现眼周年轻光彩,￥430.00
金致臻颜牡丹奢养粉妍系列,欧莱雅金致臻颜牡丹奢养粉妍防晒乳,https://www.lorealparis.com.cn/Images/products/Images/G3378900_288_g.jpg,4276d510-1040-11e9-98ca-f430b9124a41,守护肌肤净透，绽现年轻粉妍,￥320.00
玻尿酸水光导入,复颜玻尿酸水光充盈导入乳液,https://www.lorealparis.com.cn/Images/products/Images/G2836200_288_g.jpg,4278aa6e-1040-11e9-a263-f430b9124a41,欧莱雅第一支复颜玻尿酸水光充盈导入晶露，万千玻尿酸微晶融入精华水中，为肌肤导入水光充盈活力，绽现膨润水光肌。,￥280.00
金致臻颜牡丹奢养粉妍系列,欧莱雅金致臻颜牡丹奢养粉妍精华液替换装,https://www.lorealparis.com.cn/Images/products/Images/G3378600_288_g.jpg,427946e4-1040-11e9-b9ce-f430b9124a41,焕亮奢润肌肤，绽放瑰丽粉妍,￥300.00
专业UV防护,欧莱雅多重防护城市水活隔离喷雾SPF42/PA++++,https://www.lorealparis.com.cn/Images/products/Images/G3430200_288_g.jpg,427946e5-1040-11e9-9b98-f430b9124a41,可直接喷于脸部和身体，上妆也可使用,￥200.00
复颜抗皱紧致,欧莱雅复颜抗皱紧致滋润日霜 2019新春限量版,https://www.lorealparis.com.cn/Images/products/Images/G3168000_288_g.jpg,4279e368-1040-11e9-90df-f430b9124a41,积雪草成分修复肌肤，结合基层提拉科技，修护力注入8大部位，滋润抗皱，紧实平滑。,￥220.00
复颜抗皱紧致,欧莱雅复颜抗皱紧致滋润眼霜 2019新春限量版,https://www.lorealparis.com.cn/Images/products/Images/G3104400_288_g.jpg,427a7fca-1040-11e9-959b-f430b9124a41,积雪草成分修复眼周肌肤，结合基层提拉科技，修护力注入8大部位，滋润抗皱，紧实平滑。,￥240.00
玻尿酸水光导入,复颜玻尿酸水光充盈导入晶露,https://www.lorealparis.com.cn/Images/products/Images/G2834400_288_g.jpg,427b1c3a-1040-11e9-b0a7-f430b9124a41,欧莱雅第一支复颜玻尿酸水光充盈导入晶露，万千玻尿酸微晶融入精华水中，为肌肤导入水光充盈活力，绽现膨润水光肌。,￥240.00
奇焕润发精油蔷薇臻耀,欧莱雅奇焕润发精油蔷薇臻耀 精华润发霜,https://www.lorealparis.com.cn/Images/products/Images/G2988609_288_g.jpg,427dc9a2-1040-11e9-a955-f430b9124a41,萃取自法国蔷薇精萃油，即刻滋养，顺滑莹亮，蔷薇馨香萦绕发丝,￥78.00
净颜系列,欧莱雅三合一卸妆洁颜水（深澈型）,https://www.lorealparis.com.cn/Images/products/Images/G3240000_288_g.jpg,427e3f34-1040-11e9-8eb0-f430b9124a41,1抹 卸持久彩妆 洁面 滋润,￥129.00
金致臻颜松露奢养肌活系列,金致臻颜松露奢养肌活双萃精华露,https://www.lorealparis.com.cn/Images/products/Images/G3112100_288_g.jpg,427edbba-1040-11e9-abd4-f430b9124a41,至臻松露复合精萃，焕活肌肤源动力。融合奢润蜂王浆，帮助肌肤细腻弹滑。日复一日，滋养润泽，肌肤愈显紧致赋弹，细腻柔滑。,￥520.00
金致臻颜肌活,金致臻颜奢养肌活眼霜,https://mrmoap.blob.core.chinacloudapi.cn/lorealparisadmin/20160503/79e2b3d1-0711-4ab6-86cc-627832ddd6d8.jpg,427f7828-1040-11e9-bc47-f430b9124a41,"凝聚前沿科技与天然珍稀水仙凝萃的完美结合, 轻按唤醒眼周肌肤, 日日焕活新肌",￥380.00
清润葡萄籽,清润葡萄籽精华膜力水,https://www.lorealparis.com.cn/Images/products/Images/G2796800_288_g.jpg,4281e9f8-1040-11e9-95bf-f430b9124a41,"明星热销精华水！神奇法国葡萄籽, 带来面膜级水润, 浊质暗沉OUT!",￥140.00
透明质酸水润,欧莱雅透明质酸水润护发膜,https://www.lorealparis.com.cn/Images/products/Images/G1153601_288_g.jpg,42828718-1040-11e9-8c48-f430b9124a41,全新升级，72小时劲爽发根，1瓶双效 ，发根净爽，水润发梢。,￥59.00
透明质酸水润,欧莱雅透明质酸水润润发乳,https://www.lorealparis.com.cn/Images/products/Images/G1153401_288_g.jpg,428322ee-1040-11e9-8a68-f430b9124a41,全新升级，72小时劲爽发根，1瓶双效 ，发根净爽，水润发梢。,￥21.00
透明质酸水润,欧莱雅透明质酸水润洗发露,https://www.lorealparis.com.cn/Images/products/Images/G1153101_288_g.jpg,4283bf5c-1040-11e9-910e-f430b9124a41,全新升级，72小时劲爽发根，1瓶双效 ，发根净爽，水润发梢。,￥21.00
茶树植萃去屑,欧莱雅茶树植萃去屑润发乳,https://www.lorealparis.com.cn/Images/products/Images/G3200300_288_g.jpg,42863150-1040-11e9-b51d-f430b9124a41,全新升级，蕴含天然去屑茶树精油，抵御头屑反复，调理头皮。,￥46.00
金致臻颜松露奢养肌活系列,金致臻颜松露奢养肌活修护精华 30ML 替换装,https://www.lorealparis.com.cn/Images/products/Images/G3628000_288_g.jpg,4286cda4-1040-11e9-b8d4-f430b9124a41,焕活肌肤源动力，透现青春之美,￥330.00
金致臻颜松露奢养肌活系列,金致臻颜松露奢养肌活修护精华 30ML,https://www.lorealparis.com.cn/Images/products/Images/G3627900_288_g.jpg,42876a18-1040-11e9-aede-f430b9124a41,焕活肌肤源动力，透现青春之美,￥630.00
金致臻颜松露奢养肌活系列,金致臻颜松露奢养肌活眼霜 15ML,https://www.lorealparis.com.cn/Images/products/Images/G3628300_288_g.jpg,42876a19-1040-11e9-8b1d-f430b9124a41,焕活肌肤源动力，透现青春之美,￥480.00
金致臻颜松露奢养肌活系列,金致臻颜松露奢养肌活日霜 50ML,https://www.lorealparis.com.cn/Images/products/Images/G3628200_288_g.jpg,4288a306-1040-11e9-8ffc-f430b9124a41,焕活肌肤源动力，透现青春之美,￥480.00
复颜抗皱紧致,复颜洁面乳,https://www.lorealparis.com.cn/Images/products/Images/G1043501_288_g.jpg,428a7866-1040-11e9-82b1-f430b9124a41,彻底清洁肌肤，使肌肤完美洁净，并为抗皱紧致保养程序做好准备。,￥140.00
多效修复5,欧莱雅多效修复去屑洗发露,https://www.lorealparis.com.cn/Images/products/Images/G3087400_288_g.jpg,428b6352-1040-11e9-9714-f430b9124a41,全新升级，紧锁修护，配方蕴含积雪草精萃，全新配方不油腻，累积修护受损头发，持久去屑,￥21.00
多效修复5,多效修复5护发膜,https://www.lorealparis.com.cn/Images/products/Images/G3088400_288_g.jpg,428c3ab6-1040-11e9-bad7-f430b9124a41,全新升级，紧锁修护，配方蕴含积雪草精萃，全新配方不油腻，每周只需1-2次，积累修护受损头发,￥59.00
多效修复5,欧莱雅多效修复润发乳,https://www.lorealparis.com.cn/Images/products/Images/G3088600_288_g.jpg,428c9c9e-1040-11e9-8f64-f430b9124a41,全新升级，48小时紧锁修护，配方蕴含积雪草精萃，全新配方不油腻，累积修护受损头发,￥21.00
茶树植萃去屑,欧莱雅茶树植萃去屑舒缓洗发露,https://www.lorealparis.com.cn/Images/products/Images/G3205900_288_g.jpg,428ceafe-1040-11e9-89c2-f430b9124a41,全新升级，蕴含天然去屑茶树精油，舒缓敏感头皮，4周头屑不反复。,￥46.00
茶树植萃去屑,欧莱雅茶树植萃去屑滋养洗发露,https://www.lorealparis.com.cn/Images/products/Images/G3200700_288_g.jpg,428d6070-1040-11e9-aa0f-f430b9124a41,全新升级，蕴含天然去屑茶树精油，抵御头屑反复，滋养干性头皮,￥46.00
茶树植萃去屑,欧莱雅茶树植萃去屑净油洗发露,https://www.lorealparis.com.cn/Images/products/Images/G3201000_288_g.jpg,428d8798-1040-11e9-a8ea-f430b9124a41,全新升级，蕴含天然去屑茶树精油，净化油性头皮，4周头屑不反复。,￥46.00
奇焕润发精油蔷薇臻耀,欧莱雅奇焕润发精油蔷薇臻耀  护发膜,https://www.lorealparis.com.cn/Images/products/Images/G2988809_288_g.jpg,428e243e-1040-11e9-bb8b-f430b9124a41,萃取自法国蔷薇精萃油，即刻滋养，顺滑莹亮，蔷薇馨香萦绕发丝,￥98.00
金致臻颜松露奢养肌活系列,金致臻颜松露奢养肌活乳液 110ML,https://www.lorealparis.com.cn/Images/products/Images/G3628100_288_g.jpg,428ec0a8-1040-11e9-8799-f430b9124a41,焕活肌肤源动力，透现青春之美,￥480.00
金致臻颜松露奢养肌活系列,金致臻颜松露奢养肌活源液 130ML,https://www.lorealparis.com.cn/Images/products/Images/G3628400_288_g.jpg,428ec0a9-1040-11e9-84e5-f430b9124a41,焕活肌肤源动力，透现青春之美,￥380.00
玻尿酸水光充盈导入系列,复颜玻尿酸水光充盈全脸淡纹眼霜,https://www.lorealparis.com.cn/Images/products/Images/G3626900_288_g.jpg,428ff99c-1040-11e9-a7f2-f430b9124a41,眼霜级淡纹功效，卓效对抗各种面部细纹，一支实现全脸弹润柔滑,￥340.00
青春密码,欧莱雅青春密码酵素精华鲜注面膜 5pc*33g,https://www.lorealparis.com.cn/Images/products/Images/G3667700_288_g.jpg,428ff99d-1040-11e9-9644-f430b9124a41,含98%高纯度发酵精华  15分钟，肌肤更显润泽柔滑,￥290.00
复颜抗皱紧致,复颜密集修护精华液,https://www.lorealparis.com.cn/Images/products/Images/G1443800_288_g.jpg,4290960c-1040-11e9-9409-f430b9124a41,升级添加积雪草修护力，结合基层提拉素科技，修护力注入8大部位，更少皱纹，更多紧致，年轻继续。,￥260.00
复颜抗皱紧致,复颜抗皱紧致滋润眼霜,https://www.lorealparis.com.cn/Images/products/Images/G1051401_288_g.jpg,42913286-1040-11e9-83a5-f430b9124a41,升级添加积雪草修护力，结合基层提拉素科技，修护力注入8大部位，更少皱纹，更多紧致，年轻继续。,￥220.00
复颜抗皱紧致,复颜贴合提拉弹力面膜,https://www.lorealparis.com.cn/Images/products/Images/G3022300_288_g.jpg,4291cef4-1040-11e9-b2ad-f430b9124a41,欧莱雅第一款提拉紧致面膜，精确贴合脸部轮廓，提拉紧致肌肤，上扬年轻轮廓。,￥150.00
多效修复5,欧莱雅多效修复洗发露,https://www.lorealparis.com.cn/Images/products/Images/G3088200_288_g.jpg,42926b5e-1040-11e9-814e-f430b9124a41,全新升级，48小时紧锁修护，配方蕴含积雪草精萃，全新配方不油腻，累积修护受损头发,￥40.00
多效修复5,欧莱雅多效修复无硅洗发露,https://www.lorealparis.com.cn/Images/products/Images/G3087800_288_g.jpg,42930826-1040-11e9-87d9-f430b9124a41,全新升级，配方蕴含积雪草精萃，全新配方不油腻，累积修护受损头发,￥21.00
多效修复5,多效修复5润发乳,https://www.lorealparis.com.cn/Images/products/Images/G3088800_288_g.jpg,42930827-1040-11e9-828d-f430b9124a41,全新升级，48小时紧锁修护，配方蕴含积雪草精萃，全新配方不油腻，累积修护受损头发,￥67.00
茶树植萃去屑,欧莱雅茶树植萃去屑头皮调理喷雾,https://www.lorealparis.com.cn/Images/products/Images/G3200800_288_g.jpg,4293a44a-1040-11e9-b508-f430b9124a41,7天使用2次，专效抵御头屑反复,￥79.00
清润葡萄籽,欧莱雅清润葡萄籽精华鲜注面膜 5片,https://www.lorealparis.com.cn/Images/products/Images/G3671800_288_g.jpg,4294dd46-1040-11e9-a059-f430b9124a41,蕴含鲜润果粹的抗氧化力，看的到的鲜活亮泽，摸得到的水润弹性,￥118.00
清润葡萄籽,欧莱雅清润葡萄籽鲜粹面膜（全新升级）,https://www.lorealparis.com.cn/Images/products/Images/G3369901_288_g.jpg,429579da-1040-11e9-b311-f430b9124a41,蕴含鲜润果粹的抗氧化力，看的到的鲜活亮泽，摸得到的水润弹性,￥78.00
清润葡萄籽,清润葡萄籽膜力双重精华露,https://mrmoap.blob.core.chinacloudapi.cn/lorealparisadmin/20161028/f1056c0e-c748-41f8-850e-df6dff9ecc62.jpg,429579db-1040-11e9-a22c-f430b9124a41,双管精华 × 双效抗氧，不仅保湿抗氧化，更带来恋爱般的粉润光泽！,￥190.00
复颜抗皱紧致,复颜清漾柔肤水,https://www.lorealparis.com.cn/Images/products/Images/G1054701_288_g.jpg,4296162e-1040-11e9-9f8a-f430b9124a41,透明水状质地，即时补充水分，减少细纹，清新保湿，8大部位，更少皱纹，更多紧致，年轻继续,￥190.00
复颜抗皱紧致,复颜清乳柔肤水,https://www.lorealparis.com.cn/Images/products/Images/G1054801_288_g.jpg,42974f1e-1040-11e9-9594-f430b9124a41,牛奶精华质地，即刻沁润肌肤，有效淡化岁月痕迹，8大部位，更少皱纹，更多紧致，年轻继续。,￥170.00
专业UV防护,多重防护隔离露（柔紫）SPF30+/PA+++,https://www.lorealparis.com.cn/Images/products/Images/G1133301_288_g.gif,42974f1f-1040-11e9-9d52-f430b9124a41,柔紫色能有效贴合肌肤，修正偏黄暗沉肤色。轻薄舒适质地，使用后，有效抵御阳光造成的肌肤光老化现象：暗沉、肤色偏黄、色斑及失去弹性、细纹增加等。肤色更显均匀亮采！,￥150.00
茶树植萃去屑,欧莱雅茶树植萃去屑1分钟头皮深层净彻凝胶,https://www.lorealparis.com.cn/Images/products/Images/G3200400_288_g.jpg,4297eba4-1040-11e9-8308-f430b9124a41,全新头皮净彻磨砂膏，排浊去油，深层去屑,￥59.00
专业UV防护,UV BB隔离露 SPF30+/PA+++,https://www.lorealparis.com.cn/Images/products/Images/G1133101_288_g.jpg,429924e4-1040-11e9-bbda-f430b9124a41,抵御环境侵害，对抗氧化黯沉，卓效养肤与修颜，理想贴合肌肤，呈现匀净肤色。轻盈柔滑触感，令肌肤不粘不腻。匀净效果，轻薄质感，宛若无妆美肌！,￥160.00
清润葡萄籽,清润葡萄籽保湿乳液,https://www.lorealparis.com.cn/Images/products/Images/G2796700_288_g.jpg,4299c0ee-1040-11e9-97d1-f430b9124a41,"优质葡萄籽精华, 乳化水独特质地, 带给肌肤清新水感和持续保湿",￥160.00
清润葡萄籽,清润葡萄籽特润凝霜,https://www.lorealparis.com.cn/Images/products/Images/G1043901_288_g.jpg,4299c0ef-1040-11e9-a539-f430b9124a41,法国葡萄籽抗氧力，特润质地，立显水亮Q弹葡萄肌！,￥160.00
清润葡萄籽,清润葡萄籽膜力霜,https://www.lorealparis.com.cn/Images/products/Images/G1055101_288_g.jpg,429b07be-1040-11e9-8c16-f430b9124a41,法国葡萄籽 抗氧化力 带来面膜级保湿!神奇膜力霜质地，如水般清透柔润，不粘腻，如精华般润泽，高保湿，深透润，立现水亮Q弹葡萄肌！,￥160.00
清润葡萄籽,清润葡萄籽水嫩洁面乳,https://www.lorealparis.com.cn/Images/products/Images/G1043401_288_g.jpg,429b6e88-1040-11e9-b395-f430b9124a41,维生素+矿物质精华，膏状质地，温和洁净，清新滋润!,￥100.00
玻尿酸水光充盈导入系列,欧莱雅复颜玻尿酸水光充盈导入安瓶鲜注精华面膜,https://www.lorealparis.com.cn/Images/products/Images/G3626400_288_g.jpg,42b3e50c-1040-11e9-a39a-f430b9124a41,“一夜回春”干皮救星欧莱雅安瓶面膜，15分钟SPA唤醒水光肌,￥128.00
净颜系列,欧莱雅海盐泡沫洁面乳(蔷薇滋养型）,https://www.lorealparis.com.cn/Images/products/Images/G2907500_288_g.jpg,42b4819c-1040-11e9-9e88-f430b9124a41,深透洁净 莹润呵护,￥39.00
金致臻颜经典,金致臻颜奢养紧妍滋润乳液,https://www.lorealparis.com.cn/Images/products/Images/G1051801_288_g.jpg,42b51e68-1040-11e9-b791-f430b9124a41,赋活肌肤的健康光采。,￥320.00
金致臻颜经典,金致臻颜奢养紧妍晚霜,https://www.lorealparis.com.cn/Images/products/Images/G1043801_288_g.jpg,42b51e69-1040-11e9-b51c-f430b9124a41,赋活肌肤的健康光采。,￥310.00
金致臻颜经典,金致臻颜奢养紧妍日霜,https://www.lorealparis.com.cn/Images/products/Images/G1043701_288_g.jpg,42b5ba66-1040-11e9-8ebc-f430b9124a41,赋活肌肤的健康光采。,￥310.00
金致臻颜经典,金致臻颜奢养紧妍洁面乳,https://www.lorealparis.com.cn/Images/products/Images/G1043301_288_g.jpg,42b656e2-1040-11e9-bc12-f430b9124a41,赋活肌肤的健康光采。,￥190.00
金致臻颜经典,金致臻颜奢养紧妍眼霜,https://www.lorealparis.com.cn/Images/products/Images/G1051301_288_g.jpg,42b6f364-1040-11e9-9bee-f430b9124a41,赋活肌肤的健康光采。,￥330.00
金致臻颜经典,金致臻颜奢养紧妍精华液,https://www.lorealparis.com.cn/Images/products/Images/G1051501_288_g.jpg,42b6f365-1040-11e9-bd6b-f430b9124a41,赋活肌肤的健康光采。,￥350.00
金致臻颜经典,金致臻颜奢养紧妍活肤水,https://www.lorealparis.com.cn/Images/products/Images/G1054401_288_g.jpg,42b78fcc-1040-11e9-98a9-f430b9124a41,赋活肌肤的健康光采。,￥220.00
复颜抗皱紧致,复颜抗皱紧致滋润晚霜,https://www.lorealparis.com.cn/Images/products/Images/G1044201_288_g.jpg,42b82c68-1040-11e9-92a9-f430b9124a41,升级添加积雪草修护力，结合基层提拉素科技，修护力注入8大部位，更少皱纹，更多紧致，年轻继续。,￥230.00
复颜抗皱紧致,复颜抗皱紧致滋润乳液,https://www.lorealparis.com.cn/Images/products/Images/G1052001_288_g.jpg,42b82c69-1040-11e9-bbcd-f430b9124a41,带来突破性基层提拉素科技，即刻滋润舒缓肌肤，8大部位，更少皱纹，更多紧致，年轻继续。,￥240.00
复颜抗皱紧致,复颜抗皱紧致滋润日霜,https://www.lorealparis.com.cn/Images/products/Images/G1044101_288_g.jpg,42b9fe40-1040-11e9-88a1-f430b9124a41,升级添加积雪草修护力，结合基层提拉素科技，修护力注入8大部位，更少皱纹，更多紧致，年轻继续。,￥220.00
清润葡萄籽,清润葡萄籽净透洁面泡沫,https://www.lorealparis.com.cn/Images/products/Images/G2792800_288_g.jpg,42ceda26-1040-11e9-a408-f430b9124a41,"深层洗净肌肤上的PM2.5, 同时维持肌肤保湿!",￥110.00
玻尿酸水光导入,复颜玻尿酸水光充盈导入菁纯精华液,https://www.lorealparis.com.cn/Images/products/Images/G3384600_288_g.jpg,42d0af92-1040-11e9-b52b-f430b9124a41,欧莱雅第一支玻尿酸水光充盈导入菁纯精华液，灵感源自玻尿酸水光导入，填充平纹，膨润充盈。,￥300.00
玻尿酸水光导入,复颜玻尿酸水光充盈导入浓缩安瓶精华液,https://www.lorealparis.com.cn/Images/products/Images/G3384500_288_g.jpg,42d0af93-1040-11e9-86a3-f430b9124a41,创新七天安瓶护理，定量分装，密集修护；蕴含高浓度玻尿酸，肌肤饱满膨润。,￥190.00
清润葡萄籽,欧莱雅清润葡萄籽鲜粹精华液,https://www.lorealparis.com.cn/Images/products/Images/G3344400_288_g.jpg,42d1e878-1040-11e9-ae7b-f430b9124a41,阿魏酸与葡萄多酚新鲜融合，肌肤水润Q弹有光泽,￥220.00
青春密码,欧莱雅青春密码酵素精华凝胶面膜 5pc*28g,https://www.lorealparis.com.cn/Images/products/Images/G3372800_288_g.jpg,42d3bdd8-1040-11e9-8dc7-f430b9124a41,每片面膜让肌肤仿佛“喝”下一瓶肌底液的发酵精华，含98%纯度发酵精华，从肌底唤活年轻,￥290.00
清润葡萄籽,清润葡萄籽膜力眼霜,https://www.lorealparis.com.cn/Images/products/Images/G2943600_288_g.jpg,42d3bdd9-1040-11e9-855c-f430b9124a41,高保湿眼部啫喱， 帮助改善眼部干纹、浮肿和黑眼圈,￥160.00
专业UV防护,多重防护精华芯隔离露 脸部+身体,https://www.lorealparis.com.cn/Images/products/Images/G3112300_288_g.jpg,42d45a3e-1040-11e9-87c0-f430b9124a41,欧莱雅第一款卓效水润质地的UV防护精华芯隔离露，可有效保护身体和脸部对抗UV紫外线引起的色素沉着和肌肤老化的现象。水漾啫喱包裹抗老化精华，有效强化肌肤防御力，抵抗岁月痕迹。配方中富含抗氧化银子维他命E，帮助肌肤排浊并预防老化。,￥119.00
玻尿酸水光导入,复颜玻尿酸水光充盈导入膨润精华液,https://www.lorealparis.com.cn/Images/products/Images/G3084100_288_g.jpg,42d45a3f-1040-11e9-bf42-f430b9124a41,高纯度玻尿酸膨膨水，保湿膨润，肌肤紧实饱满,￥260.00
专业UV防护,多重防护隔离露 外御内护,https://www.lorealparis.com.cn/Images/products/Images/G3105900_288_g.jpg,42d59330-1040-11e9-94b5-f430b9124a41,欧莱雅第一款帮助肌肤抵御城市环境侵害的隔离露，有效防护UV紫外线，抵御由UV引起的肌肤暗沉，色斑和提前老化。抵御污染颗粒附着，且配方中蕴含维他命E，有助于增加肌肤抵御力，对抗UV紫外线和外界污染带来的肌肤侵袭。,￥170.00
专业UV防护,多重防护隔离露  水感轻肌,https://www.lorealparis.com.cn/Images/products/Images/G3182700_288_g.jpg,42d59331-1040-11e9-a3fc-f430b9124a41,清透水感质地，可迅速被肌肤吸收。肌肤清爽不粘腻，倍感丝滑盈透。蕴含玻尿酸成分，有助于肌肤水润，焕发自然光采！,￥160.00
清润葡萄籽,清润葡萄籽保湿柔肤水,https://www.lorealparis.com.cn/Images/products/Images/G2796900_288_g.jpg,42d62fb4-1040-11e9-84d4-f430b9124a41,"神奇法国葡萄籽,略带啫哩感的水状质地，舒缓干燥，帮助肌肤恢复嫩滑柔软!",￥120.00
科研致白三重源白,科研致透三重源净洁面乳,https://mrmoap.blob.core.chinacloudapi.cn/lorealparisadmin/20160429/57c653db-2f6f-4621-80e4-029feed7bfd4.jpg,42d6cc18-1040-11e9-a464-f430b9124a41,净透光采,￥115.00
